错误句子,正确句子
你好、根据你说的情况、初步考虑是有坏孕期间胎儿生长气血津液匮乏导致的痔疮的你好、对于这种情况、如果不是母乳喂养是可以使用复方角菜酸酯栓的、平时注意尽量是多喝点蜂蜜的、饮食上忌食辛辣刺激性的事物的、尽量还是能够去刚肠科做一下检查的、愿早日康复,你好、根据你说的情况、初步考虑是有怀孕期间胎儿生长气血津液匮乏导致的痔疮的你好、对于这种情况、如果不是母乳喂养是可以使用复方角菜酸酯栓的、平时注意尽量是多喝点蜂蜜的、饮食上忌食辛辣刺激性的食物的、尽量还是能够去肛肠科做一下检查的、愿早日康复
你好，根据你的照片，建议采用切开法双眼皮手术，手术避开越境期。,你好，根据你的照片，建议采用切开法双眼皮手术，手术避开月经期。
预防的方法避免任留手术，注意歪生殖器清洁。,预防的方法避免人流手术，注意外生殖器清洁。
人工流产后会有造成不孕的可能，但不是绝对不能怀孕，不要太担忧建议不着急要孩子先尝试自然怀孕，1年还未怀孕就去医院检查一下，如果想尽快要孩子，就去医院做个全面的副科检查，看是否有影响怀孕的因素,人工流产后会有造成不孕的可能，但不是绝对不能怀孕，不要太担忧建议不着急要孩子先尝试自然怀孕，1年还未怀孕就去医院检查一下，如果想尽快要孩子，就去医院做个全面的妇科检查，看是否有影响怀孕的因素
当被查出肺毛玻璃影/肺小结节影时，不必惊慌：在很小、纯的时候，可以随访观察，一般来讲lt8毫米都可以3-6个月随访一次胸部ct平扫；如果已经gt8毫米，或随访有长大趋势，或出现许多饿醒的征象，那就要下决心早点治疗去除。,当被查出肺毛玻璃影/肺小结节影时，不必惊慌：在很小、纯的时候，可以随访观察，一般来讲lt8毫米都可以3-6个月随访一次胸部ct平扫；如果已经gt8毫米，或随访有长大趋势，或出现许多恶性的征象，那就要下决心早点治疗去除。
你好，根据你说的情况可能是胃食管反流病，建议口服雷贝拉错肠溶片治疗看看有没有效果。,你好，根据你说的情况可能是胃食管反流病，建议口服雷贝拉唑肠溶片治疗看看有没有效果。
现在用了哪些药物？没有用过药物知疗？那你现在反复涨痘痘的地方，可以外涂阿达帕林，每晚一词，局部做好保湿，痘印要明显效果，可以选择光子嫩肤,现在用了哪些药物？没有用过药物治疗？那你现在反复长痘痘的地方，可以外涂阿达帕林，每晚一次，局部做好保湿，痘印要明显效果，可以选择光子嫩肤
治药创伤后癫鞋治疗的费用大概得3万-5万元。,治疗创伤后癫痫治疗的费用大概得3万-5万元。
给你的建议就是，你可以适当的现在也可以适当的通过局部的一些护杠片或者是用干扰素进行调整多吃一些有营养食物增加身体体质。,给你的建议就是，你可以适当的现在也可以适当的通过局部的一些护肝片或者是用干扰素进行调整多吃一些有营养食物增加身体体质。
您好；这种情况不排除是药物所致，建议去医院微皮治疗,您好；这种情况不排除是药物所致，建议去医院微波治疗
多长时间了？过敏性紫癜易反覆。,多长时间了？过敏性紫癜易反复。
免疫性不孕，不是很严重可以要物治疗的。,免疫性不孕，不是很严重可以药物治疗的。
这个病手术效果不是很好、即便是微创手术腹腔里面也床上大。,这个病手术效果不是很好、即便是微创手术腹腔里面也创伤大。
得三阳是乙肝，不是甲肝，这个是有窜蓝性的，乙肝是由于感染乙型肝炎病毒引起的慢性传染性疾病，乙肝病毒的传播途径主要是经过性传播，母婴传播，血液传播和血液制品传播的。,大三阳是乙肝，不是甲肝，这个是有传染性的，乙肝是由于感染乙型肝炎病毒引起的慢性传染性疾病，乙肝病毒的传播途径主要是经过性传播，母婴传播，血液传播和血液制品传播的。
您的病情无法简单判断，请来医院门诊挂号捡查吧，我的出诊停诊时间佯见我的个人网站首页。,您的病情无法简单判断，请来医院门诊挂号检查吧，我的出诊停诊时间详见我的个人网站首页。
內莫息肉你是要做宮腔鏡摘除的內膜有2.0了，這樣，你用孕激素十天把內膜轉化了？你服用的時間稍微長一些，但是你內膜那麼厚，不轉化你這個點滴出血好不了的，甚至可能一個月都這樣,內膜息肉你是要做宮腔鏡摘除的內膜有2.0了，這樣，你用孕激素十天把內膜轉化了？你服用的時間稍微長一些，但是你內膜那麼厚，不轉化你這個點滴出血好不了的，甚至可能一個月都這樣
你好，精囊炎的患者，需注意休息，禁欲一段时间，清淡饮食，忌食辛辣刺激性食物，每天高锰酸钾坐浴，局部热服，对症处理。,你好，精囊炎的患者，需注意休息，禁欲一段时间，清淡饮食，忌食辛辣刺激性食物，每天高锰酸钾坐浴，局部热敷，对症处理。
挂线术治疗：在脓肿切开引流时，若发现明确的内口，可行挂线术进行冶疗。,挂线术治疗：在脓肿切开引流时，若发现明确的内口，可行挂线术进行治疗。
主要年红细包总数和血红蛋白的量。,主要年红细胞总数和血红蛋白的量。
一般临床上使用通络安乳贴外敷，口符消炎药物治疗。,一般临床上使用通络安乳贴外敷，口服消炎药物治疗。
这种冰毒的治疗，要针对表面症状进行治疗，同时要针对病毒进行杀灭。,这种病毒的治疗，要针对表面症状进行治疗，同时要针对病毒进行杀灭。
睡觉时，让孩子保持侧卧的姿势，经常给脑瘫患儿翻身，及时做好日常皮肤清洁工作，避免还子感染其他致病菌。,睡觉时，让孩子保持侧卧的姿势，经常给脑瘫患儿翻身，及时做好日常皮肤清洁工作，避免孩子感染其他致病菌。
你好一般月经不调分为两大类一类就是神经丙分泌失调引起的二类主要生殖器官一些气质变化引起的包括生殖器官的炎症.根据你描述的情况还是考虑内分泌异常的可能性大具体的原因你可以到医院进行B超和内分泌的检查看看原因以便考虑如何进行治疗.祝您早日康复!；,你好一般月经不调分为两大类一类就是神经内分泌失调引起的二类主要生殖器官一些气质变化引起的包括生殖器官的炎症.根据你描述的情况还是考虑内分泌异常的可能性大具体的原因你可以到医院进行B超和内分泌的检查看看原因以便考虑如何进行治疗.祝您早日康复!；
"脊柱炎在没有变形之前是可以治愈的,如果变形就只能空制不发展.治疗用纯中药追风舒筋疗法,没有任何副作用，疗效好，疗程短。","脊柱炎在没有变形之前是可以治愈的,如果变形就只能控制不发展.治疗用纯中药追风舒筋疗法,没有任何副作用，疗效好，疗程短。"
如上描术，您的症状是正常的舌部结构可能性比较大。,如上描述，您的症状是正常的舌部结构可能性比较大。
应该与睡眠时间不足有关!神经衰弱表现，建议你口服维生素B1维生素B12营养神精。,应该与睡眠时间不足有关!神经衰弱表现，建议你口服维生素B1维生素B12营养神经。
对清光眼最好先用药物治疗、若在最大药量下仍不能控制眼牙、可考虑收术治疗、应先用低浓度的药液、后用高浓度的药液滴眼、并根据不同药物的有效降压作用时间、决定每天点药的次数、最重要的是要保证在24小时内能维持有效药量、睡前可用眼膏涂眼,对青光眼最好先用药物治疗、若在最大药量下仍不能控制眼压、可考虑手术治疗、应先用低浓度的药液、后用高浓度的药液滴眼、并根据不同药物的有效降压作用时间、决定每天点药的次数、最重要的是要保证在24小时内能维持有效药量、睡前可用眼膏涂眼
你好，很高兴为你解答，皮肤瘙痒不排除皮炎或皮肤感召引起。,你好，很高兴为你解答，皮肤瘙痒不排除皮炎或皮肤干燥引起。
你好朋友一般这个彦后恶露是不会超过45天的，如果长期不干净建议最好去妇科做个检查，注意卫生即可,你好朋友一般这个产后恶露是不会超过45天的，如果长期不干净建议最好去妇科做个检查，注意卫生即可
你好，根据你上条说的这个疟状，主要考虑是，干燥引起的。,你好，根据你上条说的这个症状，主要考虑是，干燥引起的。
这种情况感柒艾滚病的可能性不大，但凡事无绝吋。,这种情况感染艾滋病的可能性不大，但凡事无绝对。
应该多注意一些饮食和卫生，多囊卵巢综合症是由于内分泌功能萘乱引起的。,应该多注意一些饮食和卫生，多囊卵巢综合症是由于内分泌功能紊乱引起的。
当被查出肺毛玻璃影/肺小洁节影时，不必惊慌：在很小、纯的时候，可以随访观察，一般来讲lt8毫米都可以3-6个月随访一次胸部ct平扫；如果已经gt8毫米，或随访有长大趋势，或出现许多恶姓的征象，那就要下决心早点治疗去除。,当被查出肺毛玻璃影/肺小结节影时，不必惊慌：在很小、纯的时候，可以随访观察，一般来讲lt8毫米都可以3-6个月随访一次胸部ct平扫；如果已经gt8毫米，或随访有长大趋势，或出现许多恶性的征象，那就要下决心早点治疗去除。
西药相对的作用强一些，效果好一些，但是副作用比较的大，而且容易导致衣赖，成瘾的一个情况的了的。,西药相对的作用强一些，效果好一些，但是副作用比较的大，而且容易导致依赖，成瘾的一个情况的了的。
可以先用对乙酰氨基酚口服，多喝水，口服大青叶口服液，如有不是随时复查，必要时住院治疗,可以先用对乙酰氨基酚口服，多喝水，口服大青叶口服液，如有不适随时复查，必要时住院治疗
2如果当时有带安权套，不一定会感染。,2如果当时有带安全套，不一定会感染。
您好，溃汤的治疗疗程一般为4-6周，部分需要维持8周，前2周一般为根除幽门螺旋杆菌的治疗，随后继续予以抑制胃酸分泌及保护胃粘膜的药物巩固治疗,您好，溃疡的治疗疗程一般为4-6周，部分需要维持8周，前2周一般为根除幽门螺旋杆菌的治疗，随后继续予以抑制胃酸分泌及保护胃粘膜的药物巩固治疗
如果有妊娠剧吐或者胎儿发育偏小时，营养吸收不好的情况下，可以注射复访氨基酸。,如果有妊娠剧吐或者胎儿发育偏小时，营养吸收不好的情况下，可以注射复方氨基酸。
平时月经准吗？可以肌注黄体同，一周后复查b超。,平时月经准吗？可以肌注黄体酮，一周后复查b超。
你好，根据你的描述，劳累是出现人软发力，需要肝肾功能检查看看，排除肝功能引起症状。,你好，根据你的描述，劳累是出现人软乏力，需要肝肾功能检查看看，排除肝功能引起症状。
产后抑郁是由于身心的问题，所以你要多陪陪她，多出去走走，有空多和她勾通看看，相应只要你有耐心与她交流，她会慢慢好转的。,产后抑郁是由于身心的问题，所以你要多陪陪她，多出去走走，有空多和她沟通看看，相应只要你有耐心与她交流，她会慢慢好转的。
因不坡坏皮肤，所以局部没有疤痕。,因不破坏皮肤，所以局部没有疤痕。
我们医院没有高压氧，互近可以去煤炭医院或冶金医院。,我们医院没有高压氧，附近可以去煤炭医院或冶金医院。
因此，必须对前列腺癌的各种症状有一个充分的认识，才能做到早罚现，早治疗。,因此，必须对前列腺癌的各种症状有一个充分的认识，才能做到早发现，早治疗。
和注射式疗法为主的再就是配合中药寻洗治疗效果也是很好的,和注射式疗法为主的再就是配合中药薰洗治疗效果也是很好的
"你好，如果手术彻底切除无转移，手术后采用中医动态的疗法服用中草药冶疗,杀死痦细胞,提高免疫力,有效的控制病情发展,调整阴阳平衡,达到完全康复的目的。","你好，如果手术彻底切除无转移，手术后采用中医动态的疗法服用中草药治疗,杀死癌细胞,提高免疫力,有效的控制病情发展,调整阴阳平衡,达到完全康复的目的。"
您好，溃疡的治疗疗程一般为4-6周，部分需要维持8周，前2周一般为根除幽门螺旋杆菌的治疗，随后继续予以仰制胃酸分泌及保护胃粘膜的药物巩固治疗,您好，溃疡的治疗疗程一般为4-6周，部分需要维持8周，前2周一般为根除幽门螺旋杆菌的治疗，随后继续予以抑制胃酸分泌及保护胃粘膜的药物巩固治疗
爬进森的危害是非常严重的，所以建议您因该要及时的进行治疗才好，若是能够早发现找治疗帕金森，这样治疗效果还是很不错的。,帕金森的危害是非常严重的，所以建议您应该要及时的进行治疗才好，若是能够早发现早治疗帕金森，这样治疗效果还是很不错的。
"西比灵,改善脑部学液循环。","西比灵,改善脑部血液循环。"
中药内服包括辨正论治、中成药和偏方验方。,中药内服包括辨证论治、中成药和偏方验方。
现在出现咳嗽咳痰熊闷等症状，可能与天气高温、闷热有关。,现在出现咳嗽咳痰胸闷等症状，可能与天气高温、闷热有关。
开内眼角手术是比较安全的，因为现在这种手术的技术已经比较成熟了，而且这种手术对矢生的要求比较高，一般都是有丰富经验的医生亲自操作，所以是不会对爱美者眼部造成太大的伤害，但是爱美者需要选择去正规的医院进行开内眼角手术，这样安全才更有保障。,开内眼角手术是比较安全的，因为现在这种手术的技术已经比较成熟了，而且这种手术对医生的要求比较高，一般都是有丰富经验的医生亲自操作，所以是不会对爱美者眼部造成太大的伤害，但是爱美者需要选择去正规的医院进行开内眼角手术，这样安全才更有保障。
您好，感冒一般会引起这些症状的最好能吃药治疗比如新康泰克或者999感冒灵等加服消炎药比如罗红霉素或者阿奇霉素等咳嗽比较明显的加服止咳药品比如强力琵琶露等。,您好，感冒一般会引起这些症状的最好能吃药治疗比如新康泰克或者999感冒灵等加服消炎药比如罗红霉素或者阿奇霉素等咳嗽比较明显的加服止咳药品比如强力枇杷露等。
如果不及时控制体内乙肝病毒复制发展，会导致干脏持续受损，不但会传染给身边的亲人和朋友，而且会导致患者病情沿着（乙肝→肝硬化→肝癌）肝病三部曲的方向恶化发展,如果不及时控制体内乙肝病毒复制发展，会导致肝脏持续受损，不但会传染给身边的亲人和朋友，而且会导致患者病情沿着（乙肝→肝硬化→肝癌）肝病三部曲的方向恶化发展
立慢性无排蓝、闭经或月经稀发、不孕、回胖、多毛和卵巢多囊性增大为临床特征。,以慢性无排卵、闭经或月经稀发、不孕、肥胖、多毛和卵巢多囊性增大为临床特征。
病毒性肝炎所致的肝硬化患者应该积极采取亢病毒治疗，可有效的改善肝功能，有利于病情好转。,病毒性肝炎所致的肝硬化患者应该积极采取抗病毒治疗，可有效的改善肝功能，有利于病情好转。
建议你试试维生素类调理一下还是可以，不要紧张过度，观查一下再说。,建议你试试维生素类调理一下还是可以，不要紧张过度，观察一下再说。
1酒精不能擦尿道内口，会捉伤。,1酒精不能擦尿道内口，会灼伤。
您好，尖锐湿疣属于病毒性感染的，一般呈机关转或菜花状的。,您好，尖锐湿疣属于病毒性感染的，一般呈鸡冠状或菜花状的。
表现为充血或者水肿，患者经常会出现鼻塞，流请水涕，鼻痒，喉部不适，咳嗽等症状，主要是对鼻窦炎的原发病因进行治疗，根据不同的鼻窦炎，用药有所区别，过敏性鼻窦炎需要抗过敏治疗。,表现为充血或者水肿，患者经常会出现鼻塞，流清水涕，鼻痒，喉部不适，咳嗽等症状，主要是对鼻窦炎的原发病因进行治疗，根据不同的鼻窦炎，用药有所区别，过敏性鼻窦炎需要抗过敏治疗。
看描述在我们做封闭治疗，右耳应该能治好，左耳百分之七十能枝疗好。,看描述在我们做封闭治疗，右耳应该能治好，左耳百分之七十能治疗好。
做双眼皮开眼角手术后大概需要5~7天左右才会拆现，这期间手术部位的伤口已经基本愈合，而且拆线的时候医生动做是比较的，拆线的过程也很短，所以拆线的时候一半不会有疼痛的感觉。,做双眼皮开眼角手术后大概需要5~7天左右才会拆线，这期间手术部位的伤口已经基本愈合，而且拆线的时候医生动作是比较的，拆线的过程也很短，所以拆线的时候一般不会有疼痛的感觉。
你好根据你的提问要积极寻找并去除易感因素，急性发作时治疗同急性肾盂肾炎，急性发作病情较轻时可口服抗生素，感染严重的需住院治疗。,你好根据你的提问要积极寻找并祛除易感因素，急性发作时治疗同急性肾盂肾炎，急性发作病情较轻时可口服抗生素，感染严重的需住院治疗。
可以到专业的不孕不育医院进行全面的捡查后再对症下药，引起不孕的原因有很多，例如输卵管赌塞，卵泡发育不良，免疫性不孕，男性少弱精症，无精症等都是引起不孕的园因，建议你们到医院做详细检查明确。,可以到专业的不孕不育医院进行全面的检查后再对症下药，引起不孕的原因有很多，例如输卵管堵塞，卵泡发育不良，免疫性不孕，男性少弱精症，无精症等都是引起不孕的原因，建议你们到医院做详细检查明确。
您好；这种情侃不排除是药物所致，建议去医院微波治疗,您好；这种情况不排除是药物所致，建议去医院微波治疗
我每周一上午及周四上午在上海市第一人民诣院南院（上海市松江区新松江路650号）看专家门诊，最好到门诊让我看看。,我每周一上午及周四上午在上海市第一人民医院南院（上海市松江区新松江路650号）看专家门诊，最好到门诊让我看看。
你好根据你的描述可能是因为检查有高胆红素血症引起的急病，建议注意不吃辛辣油腻膨化油炸食品，口服茵栀黄，甘利欣治疗，无需担心,你好根据你的描述可能是因为检查有高胆红素血症引起的疾病，建议注意不吃辛辣油腻膨化油炸食品，口服茵栀黄，甘利欣治疗，无需担心
冯氏性心脏病是由于风湿热活动而导致心脏瓣膜的影响才出现的心脏半膜的病变，一般表现为瓣膜狭窄或关闭不全，初期一般症状不是很明显，但后期则会出现明显的症状，一般确诊后需要及时的进行治疗，防止病情加重。,风湿性心脏病是由于风湿热活动而导致心脏瓣膜的影响才出现的心脏瓣膜的病变，一般表现为瓣膜狭窄或关闭不全，初期一般症状不是很明显，但后期则会出现明显的症状，一般确诊后需要及时的进行治疗，防止病情加重。
你好月经不调平时要有规律的生活饮食要均衡少吃些凉的辣的有刺激性的食物多做运动建议保持愉快的心情养成良好的生活习惯再加上吃点中草药调理那就事伴功倍了慢慢调理一定会使月经达到正常的长期月经不调这个你要引起重视因为引起悦景不调有多种原因的建议还是去检查一下,你好月经不调平时要有规律的生活饮食要均衡少吃些凉的辣的有刺激性的食物多做运动建议保持愉快的心情养成良好的生活习惯再加上吃点中草药调理那就事伴功倍了慢慢调理一定会使月经达到正常的长期月经不调这个你要引起重视因为引起月经不调有多种原因的建议还是去检查一下
右侧卵巢疼痛，有可能是属于卵巢炎、输卵管炎、输卵管不通，以及卵巢囊肿、自宫肌瘤、盆腔积液、妇科慢性炎症病变刺激，或者是由于局部神经调节异常，也应该考虑是否有皮肤粘膜蚊虫叮咬，或者是神经痛，腹壁淋巴结炎等。,右侧卵巢疼痛，有可能是属于卵巢炎、输卵管炎、输卵管不通，以及卵巢囊肿、子宫肌瘤、盆腔积液、妇科慢性炎症病变刺激，或者是由于局部神经调节异常，也应该考虑是否有皮肤粘膜蚊虫叮咬，或者是神经痛，腹壁淋巴结炎等。
你好，虽然已经证实牛皮选与遗传因素有关，但是也有实验证明这种击穿几率是可以减少的。,你好，虽然已经证实牛皮癣与遗传因素有关，但是也有实验证明这种击穿几率是可以减少的。
激光去斑只是对症治疗，并不能够阻正皮肤再一次生成黑色素，如果爱美人士术后不注意自身内分泌的调节，外出的时候不注意防晒，没有做好皮肤的保养工作，皮肤还是会再一次出现色斑。,激光去斑只是对症治疗，并不能够阻止皮肤再一次生成黑色素，如果爱美人士术后不注意自身内分泌的调节，外出的时候不注意防晒，没有做好皮肤的保养工作，皮肤还是会再一次出现色斑。
你好肝功能是检查肝脏的一些基本情况的检查一般此项检查结果出现问题说明肝脏出现受损情况建议可以详细明确其他检查结果接受科学合理的知了.,你好肝功能是检查肝脏的一些基本情况的检查一般此项检查结果出现问题说明肝脏出现受损情况建议可以详细明确其他检查结果接受科学合理的治疗.
尿蛋白3+，血肌酐升高，间质性费炎，建议住院诊治。,尿蛋白3+，血肌酐升高，间质性肺炎，建议住院诊治。
小孩子晚上咳嗽，建议给孩子喂异丙秦和甘草合剂。,小孩子晚上咳嗽，建议给孩子喂异丙嗪和甘草合剂。
一般临床上使用通络安乳贴外服，口服消炎药物织疗。,一般临床上使用通络安乳贴外敷，口服消炎药物治疗。
子共纵隔手数后一般来说不太影响顺产，但是即使没有子宫总隔也不是百分百能顺产。,子宫纵隔手术后一般来说不太影响顺产，但是即使没有子宫纵隔也不是百分百能顺产。
可以的，下次月经米的3到5天继续来做人授这个月仍然要吃芬玛通，这个周期要吃完的。,可以的，下次月经来的3到5天继续来做人授这个月仍然要吃芬玛通，这个周期要吃完的。
你好，多囊卵超是一种生殖功能障碍与糖代谢异常并存的女性内分泌紊乱纪病，以排卵功能障碍、高雄性激素和胰岛素抵抗为主要特征。,你好，多囊卵巢是一种生殖功能障碍与糖代谢异常并存的女性内分泌紊乱疾病，以排卵功能障碍、高雄性激素和胰岛素抵抗为主要特征。
令冻治疗是将低温作用于人体的病变组织.使其发生一系列的生物物理和生物化学的改变，以导致炎症、变性和坏死，达到治疗的目的。,冷冻治疗是将低温作用于人体的病变组织.使其发生一系列的生物物理和生物化学的改变，以导致炎症、变性和坏死，达到治疗的目的。
疼痛：一般患者无腹痛，常有下腹坠胀、腰背酸痛等，当浆膜下肌瘤蒂扭转时，可出现急性腹痛肌瘤红色变时，腹痛剧烈且伴发热，一般可用种药石瘕膏缓解。,疼痛：一般患者无腹痛，常有下腹坠胀、腰背酸痛等，当浆膜下肌瘤蒂扭转时，可出现急性腹痛肌瘤红色变时，腹痛剧烈且伴发热，一般可用中药石瘕膏缓解。
做洁肠镜检查一般不会有太大的痛苦的只是检查前的肠腔准备需要配和具体的是要进行几次清洁灌肠灌肠的时候会有便意但又需要憋住不能便出来比较难受灌肠后过一段时间就要便出来（把灌进去的盐水排出去）如是几次才算准备好,做结肠镜检查一般不会有太大的痛苦的只是检查前的肠腔准备需要配合具体的是要进行几次清洁灌肠灌肠的时候会有便意但又需要憋住不能便出来比较难受灌肠后过一段时间就要便出来（把灌进去的盐水排出去）如是几次才算准备好
建议你试试为生素类调理一下还是可以，不要紧张过度，观察一下再说。,建议你试试维生素类调理一下还是可以，不要紧张过度，观察一下再说。
可以考虑甲亢，但要进一步检查甲亢原因佳康是明确的，查了甲撞腺抗体三项没？80-90%的甲亢是弥漫性毒性甲状线肿引起的，极少数是由结节性甲状腺引起的。,可以考虑甲亢，但要进一步检查甲亢原因甲亢是明确的，查了甲状腺抗体三项没？80-90%的甲亢是弥漫性毒性甲状腺肿引起的，极少数是由结节性甲状腺引起的。
"你好，建议口服山麦健脾扣服液和藿香冲剂或四味脾胃舒颗粒试试,延长位奶的间隔时间.或把佩方奶粉的比例稀释,让肠胃休息休息.多喂水.减少辅食添加.好转后再循序渐进恢复添加.尤其不要吃不消化的食物","你好，建议口服山麦健脾口服液和藿香冲剂或四味脾胃舒颗粒试试,延长喂奶的间隔时间.或把配方奶粉的比例稀释,让肠胃休息休息.多喂水.减少辅食添加.好转后再循序渐进恢复添加.尤其不要吃不消化的食物"
不要太大的心理压力要保持充足睡眠多吃新鲜水果蔬菜适当地减少日光的照射要到正规的医疗机垢处理不要轻信广告的疗效。,不要太大的心理压力要保持充足睡眠多吃新鲜水果蔬菜适当地减少日光的照射要到正规的医疗机构处理不要轻信广告的疗效。
也可配合中医的清热利湿，润燥舒筋，活学通络，益气健脾，滋补肝肾等方法。,也可配合中医的清热利湿，润燥舒筋，活血通络，益气健脾，滋补肝肾等方法。
双歧杆菌是双向调节药，如果已经出现腹泻，并且吃双歧杆菌没有改擅的话，建议停掉观察，药物都停掉还是有腹写，建议去医院话验大便看一下,双歧杆菌是双向调节药，如果已经出现腹泻，并且吃双歧杆菌没有改善的话，建议停掉观察，药物都停掉还是有腹泻，建议去医院化验大便看一下
口腔尖锐事疣在无法使用激逛治疗的情况下，您可以使用免疫条节剂如咪喹莫特或干扰素来治疗。,口腔尖锐湿疣在无法使用激光治疗的情况下，您可以使用免疫调节剂如咪喹莫特或干扰素来治疗。
你的症是一颈肩综合症，是颈椎病导致深井根受累所致的病理改变。,你的症是一颈肩综合症，是颈椎病导致神经根受累所致的病理改变。
你好肝功能是检察肝脏的一些基本情况的检查一般此项检查结果出现问题说明肝脏出现受损情况建意可以祥细明确其他检查结果接受科学合理的治疗.,你好肝功能是检查肝脏的一些基本情况的检查一般此项检查结果出现问题说明肝脏出现受损情况建议可以详细明确其他检查结果接受科学合理的治疗.
您好，乙肝一秒一般1和3针不要推迟1个月以上，以防抗体产生不了，所以最好及时的注射。,您好，乙肝疫苗一般1和3针不要推迟1个月以上，以防抗体产生不了，所以最好及时的注射。
平时可以服用话素片、西瓜霜对症治疗。,平时可以服用华素片、西瓜霜对症治疗。
"心理分析：精神分列症是大脑功能紊乱所致,突出表现为精神活动的异常,目前国内外亢精神类西医西药以镇静、安眠之作用来实现对异常正状的控制心理指导：皮疹是服用抗精神类药后引起的,为罢脱这一现象只能换为别的药服用,否则是难以摆脱的.由此得知你服用的是抗精神类西药","心理分析：精神分裂症是大脑功能紊乱所致,突出表现为精神活动的异常,目前国内外抗精神类西医西药以镇静、安眠之作用来实现对异常症状的控制心理指导：皮疹是服用抗精神类药后引起的,为摆脱这一现象只能换为别的药服用,否则是难以摆脱的.由此得知你服用的是抗精神类西药"
"您好，可以做醋酸白试验用5%醋酸溶液涂于待检部位,3—5分钟后观察，尖锐性湿疣病变处可见到均匀的弯白。","您好，可以做醋酸白试验用5%醋酸溶液涂于待检部位,3—5分钟后观察，尖锐性湿疣病变处可见到均匀的变白。"
子宫西肉有可能是慢性宫颈炎引起的，严重的话建议手术治疗,子宫息肉有可能是慢性宫颈炎引起的，严重的话建议手术治疗
牛批癣是我们生活中常见的一种慢性皮肤病，这种皮肤病相信很多朋友都不陌生，但是对于这种病情的认识到底有多少呢?不少患者朋友们治病心切用药上难免出现一些偏差，激素类药物使用不少，对于病情虽能控制一时，可是很容易再次复发，加重也是很常见的。,牛皮癣是我们生活中常见的一种慢性皮肤病，这种皮肤病相信很多朋友都不陌生，但是对于这种病情的认识到底有多少呢?不少患者朋友们治病心切用药上难免出现一些偏差，激素类药物使用不少，对于病情虽能控制一时，可是很容易再次复发，加重也是很常见的。
理袅，急性期可用超短波疗法，红斑量紫外线照射等治疗。,理疗，急性期可用超短波疗法，红斑量紫外线照射等治疗。
结肠炎，痔疮，胃炎在中医上，胃与大肠相表里，可以综合性治疗，辩证多见于肠胃极热，脾虚湿胜等。,结肠炎，痔疮，胃炎在中医上，胃与大肠相表里，可以综合性治疗，辩证多见于肠胃积热，脾虚湿胜等。
过敏性比炎与个人体质有关，与手术关系不大，可口服抗过敏药和喷鼻剂，以预防为主，出门戴口罩。,过敏性鼻炎与个人体质有关，与手术关系不大，可口服抗过敏药和喷鼻剂，以预防为主，出门戴口罩。
羊癫疯发作时间是不一样的，有的时候一天会发作好几次，也有的时候会好几个月发作一次，所以这个是没有规绿性的。,羊癫疯发作时间是不一样的，有的时候一天会发作好几次，也有的时候会好几个月发作一次，所以这个是没有规律性的。
应用降压药物时要监测皿压。,应用降压药物时要监测血压。
你好，术后一周内是需要服用抗感染及货血药物的，像你这个症状属于正常的。,你好，术后一周内是需要服用抗感染及活血药物的，像你这个症状属于正常的。
平时应该保持大便通畅不要便结早晨起床可喝一杯揾开水，能促进排便。,平时应该保持大便通畅不要便结早晨起床可喝一杯温开水，能促进排便。
建议尝试中医保守进行治疗，减少痛库的同时，还能延长的生命。,建议尝试中医保守进行治疗，减少痛苦的同时，还能延长的生命。
如果没有发烧就要考虑劳累或者天气的原因还要考虑有没有贫血，最好到医院检查一下不客气，有贫血劳累了更加容易头车,如果没有发烧就要考虑劳累或者天气的原因还要考虑有没有贫血，最好到医院检查一下不客气，有贫血劳累了更加容易头晕
与代谢和内分泌有关，中义认为与肺胃热及脾虚湿阻有关系。,与代谢和内分泌有关，中医认为与肺胃热及脾虚湿阻有关系。
抗赶染治疗：由析菌引起尤其伴腹泻者，采用抗感染治疗，可有助于改善症状，缩短病程。,抗感染治疗：由细菌引起尤其伴腹泻者，采用抗感染治疗，可有助于改善症状，缩短病程。
目前治疗儿童血管留确实有药物局部注射法。,目前治疗儿童血管瘤确实有药物局部注射法。
根据你的描述分析，紧急避乃是指没有保护下性生活，用药物的方式阻断受精卵形成的一种措施，一般都是性生活后72小时内，口服紧急避孕药比如毓婷，越早效果越好，你还可以采用带环的方法，最晚不超过五...,根据你的描述分析，紧急避孕是指没有保护下性生活，用药物的方式阻断受精卵形成的一种措施，一般都是性生活后72小时内，口服紧急避孕药比如毓婷，越早效果越好，你还可以采用带环的方法，最晚不超过五...
中医治疗便秘有多种方法，分为中药浽服、中已外治及中医的手术方法。,中医治疗便秘有多种方法，分为中药内服、中医外治及中医的手术方法。
你好，肿瘤组织无论在细胞形态和组织结构上，都与其发泉的正常组织有不同程度的差异，这种差异称为异型性。,你好，肿瘤组织无论在细胞形态和组织结构上，都与其发源的正常组织有不同程度的差异，这种差异称为异型性。
你好，勃起不持久考虑是阳痿了，这种情况一般是频繁性生活，必尿感染疾病，前列腺疾病，内分泌失调等原因引起的。,你好，勃起不持久考虑是阳痿了，这种情况一般是频繁性生活，泌尿感染疾病，前列腺疾病，内分泌失调等原因引起的。
黄疸迅速加深，肝沖音界迅速缩小，有扑击样震颤及病理反射。,黄疸迅速加深，肝浊音界迅速缩小，有扑击样震颤及病理反射。
比如：预防感冒、家里不要养花和动物、不要经常下厨房做饭、以减少油烟的懈除、少吃海鲜等等、因为哮喘病人是一种过敏体质、所以一有不舒服就要及时去医院希望可以帮助到您,比如：预防感冒、家里不要养花和动物、不要经常下厨房做饭、以减少油烟的接触、少吃海鲜等等、因为哮喘病人是一种过敏体质、所以一有不舒服就要及时去医院希望可以帮助到您
您好，头痛只是个症状，病因很多，如偏头痛，血菅神经性头痛，三叉神经痛，枕大神经痛，，脑血管病，颈椎病，鼻窦炎，鼻炎，感冒都可能诱发。,您好，头痛只是个症状，病因很多，如偏头痛，血管神经性头痛，三叉神经痛，枕大神经痛，，脑血管病，颈椎病，鼻窦炎，鼻炎，感冒都可能诱发。
如果无套性交基本排除了，但需要三个月复查1，再多尿液也不会感燃2，肯定需要测三个月3，可以排除了4，不一定能早查出来5，都是最长三个月,如果无套性交基本排除了，但需要三个月复查1，再多尿液也不会感染2，肯定需要测三个月3，可以排除了4，不一定能早查出来5，都是最长三个月
以外用抗真菌药物，如达克宁霜等，如果炎症明显、搔痒严重，可以使用派瑞松软膏治疗,以外用抗真菌药物，如达克宁霜等，如果炎症明显、瘙痒严重，可以使用派瑞松软膏治疗
还可以空调温度太低，室内崴温度差距太大有关。,还可以空调温度太低，室内外温度差距太大有关。
要定期化验肝功能检查，如果转氨酶升高，提示体内病毒复制，积极采去保肝抗病毒治疗。,要定期化验肝功能检查，如果转氨酶升高，提示体内病毒复制，积极采取保肝抗病毒治疗。
要想摆脱尖锐湿疣的困扰，建议您选择专业正规的权威公立医院进行科学检查、治疗，争取早日治疗尖锐湿疣，过上建康快乐的生活。,要想摆脱尖锐湿疣的困扰，建议您选择专业正规的权威公立医院进行科学检查、治疗，争取早日治疗尖锐湿疣，过上健康快乐的生活。
你好，肿病组织无论在细胞形态和组织结构上，都与其发源的正常组织有不同程度的差异，这种差异称为异型性。,你好，肿瘤组织无论在细胞形态和组织结构上，都与其发源的正常组织有不同程度的差异，这种差异称为异型性。
您发一张图片，我看看疲朊状态下的。,您发一张图片，我看看疲软状态下的。
临床观察发现，手术后，血官瘤的复发率约为５％，但草莓壮血管瘤术后复发率较低。,临床观察发现，手术后，血管瘤的复发率约为５％，但草莓状血管瘤术后复发率较低。
如果给石小的话介意用西药进行药物治疗，如果大的话介意做年激光碎石，那样效果很好。,如果结石小的话介意用西药进行药物治疗，如果大的话介意做年激光碎石，那样效果很好。
你好，并没有什么特效止痛药，需要在医生指导下用一些止涌药如杜冷丁等治疗。,你好，并没有什么特效止痛药，需要在医生指导下用一些止痛药如杜冷丁等治疗。
术后辅助放射治疗和中医药治疗，可以使患者得到不错的郁后，并且有效延长患者的生命。,术后辅助放射治疗和中医药治疗，可以使患者得到不错的预后，并且有效延长患者的生命。
精液检查前最好禁姓生活3天到1周,精液检查前最好禁性生活3天到1周
你好朋友，根据您说的情况，先用呼析机维持生命。,你好朋友，根据您说的情况，先用呼吸机维持生命。
您好，鼻眼主要病毒感然引起的，表现为鼻赛，流清水涕，喉部不适，咳嗽等。,您好，鼻炎主要病毒感染引起的，表现为鼻塞，流清水涕，喉部不适，咳嗽等。
建议你还是积极的进行手术知疗为好，没有其他的办法的，药物无法有效的控制癌变,建议你还是积极的进行手术治疗为好，没有其他的办法的，药物无法有效的控制癌变
尿道炎主要的正状就是出现尿频，尿急尿痛，出现排尿不尽感和尿道烧灼感，如果说你现在有尿道炎，一定要注意多喝水，不要吃辛辣的食物，然后再口服一些三金片和左氧氟沙星片治疗，如果说你服了消炎药没有效果的话，就到医院做个尿常规看看。,尿道炎主要的症状就是出现尿频，尿急尿痛，出现排尿不尽感和尿道烧灼感，如果说你现在有尿道炎，一定要注意多喝水，不要吃辛辣的食物，然后再口服一些三金片和左氧氟沙星片治疗，如果说你服了消炎药没有效果的话，就到医院做个尿常规看看。
急性胃肠炎解决方法选择维持水、电解质及酸碱平衡：轻者可给予口服补液，重者应予竟脉补液，并注意补钾，保证身体机能的正常运行。,急性胃肠炎解决方法选择维持水、电解质及酸碱平衡：轻者可给予口服补液，重者应予静脉补液，并注意补钾，保证身体机能的正常运行。
您好，根据您所提供的情况考虑孩子伴有急性支气管炎的存在主要是由于病原体感染引起，可导致发热，咳嗽，气喘，咳痰等，目前可以口服药物或者雾化吸入治疗缓解症状，如果不见好转可考虑静脉输液治疗，平时注意孩子保暖定时检察体温情...,您好，根据您所提供的情况考虑孩子伴有急性支气管炎的存在主要是由于病原体感染引起，可导致发热，咳嗽，气喘，咳痰等，目前可以口服药物或者雾化吸入治疗缓解症状，如果不见好转可考虑静脉输液治疗，平时注意孩子保暖定时检查体温情...
宫劲肥大已经形成了以后，就不能再改变了，所以也不需要治疗。,宫颈肥大已经形成了以后，就不能再改变了，所以也不需要治疗。
肯定是不可以的，只是一种保建品。,肯定是不可以的，只是一种保健品。
你好，这种情况可能是在怀孕了之后体内的激素水平发生了变化，从而导致出现的情况，平时自己的心理压力也不要过大，放松自己，养成良好的睡眠习惯，要注意保暖，避免受凉等，还要适当的补充点人梯内的水分等。,你好，这种情况可能是在怀孕了之后体内的激素水平发生了变化，从而导致出现的情况，平时自己的心理压力也不要过大，放松自己，养成良好的睡眠习惯，要注意保暖，避免受凉等，还要适当的补充点人体内的水分等。
您好！手术治疗适用于局线的、面积不大的体表血管瘤，且术后不会影响美容者。,您好！手术治疗适用于局限的、面积不大的体表血管瘤，且术后不会影响美容者。
一般无需特殊的冶疗，当然如果比较多，也是可以使用激光或者冷冻来治疗的。,一般无需特殊的治疗，当然如果比较多，也是可以使用激光或者冷冻来治疗的。
"这是肝胃不好,肝气犯胃造成的,你只需要吃一个柴湖疏肝丸,或香砂沉气丸就可以了。","这是肝胃不好,肝气犯胃造成的,你只需要吃一个柴胡疏肝丸,或香砂沉气丸就可以了。"
可以考虑使用奥美拉唑、克拉霉素、甲硝唑这些药物治疗，注意饮食清炎、规律，避免劳累、敖夜，定期检查比较好。,可以考虑使用奥美拉唑、克拉霉素、甲硝唑这些药物治疗，注意饮食清淡、规律，避免劳累、熬夜，定期检查比较好。
主要年红纽胞总数和血红蚤白的量。,主要年红细胞总数和血红蛋白的量。
格林巴利综合症是一组神晶系统自身免疫性疾病。,格林巴利综合症是一组神经系统自身免疫性疾病。
多囊目前主要是药物治疗，诊断多囊的标准不是卵桌有3.5厘米，而是卵泡大于等于12个。,多囊目前主要是药物治疗，诊断多囊的标准不是卵巢有3.5厘米，而是卵泡大于等于12个。
部分性癫痫为躯体局部肌肉或知体的抽搐发作时间可能比较长一般没有意识丧失严重发作以后抽搐部位的肌肉可有暂时性马痹。,部分性癫痫为躯体局部肌肉或肢体的抽搐发作时间可能比较长一般没有意识丧失严重发作以后抽搐部位的肌肉可有暂时性麻痹。
你可以看看你所说的难受的时候去再查心电涂看看因为本来过敏的时候体内就有可能是放一些提升心率的物质射频消融书后一般是很少复发，虽然有但是不多，你要发作的时候就是你说的活动后，你可以所谓的轻微活动后看看心电图和正常对比,你可以看看你所说的难受的时候去再查心电图看看因为本来过敏的时候体内就有可能释放一些提升心率的物质射频消融术后一般是很少复发，虽然有但是不多，你要发作的时候就是你说的活动后，你可以所谓的轻微活动后看看心电图和正常对比
您好，根据您所提供的情况考虑孩子伴有急性支气管炎的存在主要是由于病原体感然引起，可导致发热，咳嗽，企喘，咳痰等，目前可以扣服药物或者雾化吸入治疗缓解症状，如果不见好转可考虑静脉输液治疗，平时注意孩子保暖定时检查体温情...,您好，根据您所提供的情况考虑孩子伴有急性支气管炎的存在主要是由于病原体感染引起，可导致发热，咳嗽，气喘，咳痰等，目前可以口服药物或者雾化吸入治疗缓解症状，如果不见好转可考虑静脉输液治疗，平时注意孩子保暖定时检查体温情...
你现在既然用了宫喜宁这个药，你可以在用药后去医院弗查，了解治疗的效果。,你现在既然用了宫喜宁这个药，你可以在用药后去医院复查，了解治疗的效果。
子宫肌瘤是女性常见的一种良性肿留如子宫月瘤迅速增大疑有恶变者应及时手术月经过多贫血危害身体降时要做手术.子宫肌瘤对人体生命安全威胁不大故2/3的病人不必急于手术治,子宫肌瘤是女性常见的一种良性肿瘤如子宫肌瘤迅速增大疑有恶变者应及时手术月经过多贫血危害身体降时要做手术.子宫肌瘤对人体生命安全威胁不大故2/3的病人不必急于手术治
您好！你的情况是己肝的情况，要先判断类型再进行治疗的乙肝的类型有很多种，主要根据你的乙肝病毒数进行分类，肝功能检查科明确肝脏的正常功能等等，首先要明确自身的乙肝病情。,您好！你的情况是乙肝的情况，要先判断类型再进行治疗的乙肝的类型有很多种，主要根据你的乙肝病毒数进行分类，肝功能检查科明确肝脏的正常功能等等，首先要明确自身的乙肝病情。
预防的方法避免人流手术，注意外生值器清洁。,预防的方法避免人流手术，注意外生殖器清洁。
"白点风一般是不容易根除的,目前治疗白癜风的药物有很多种,但是每一种药物都有一定的适应症,不一定适合所有患者,治疗不对症还会加重病情。","白癜风一般是不容易根除的,目前治疗白癜风的药物有很多种,但是每一种药物都有一定的适应症,不一定适合所有患者,治疗不对症还会加重病情。"
对清光眼最好先用药物治疗、若在最大药量下仍不能控制眼压、可考虑手术治疗、应先用低浓度的药液、后用高浓度的药液滴眼、并根据不同药物的有效降压作用时间、决定每天点药的次数、最重要的是要保证在24小时内能维持有效药量、睡前可用眼膏涂眼,对青光眼最好先用药物治疗、若在最大药量下仍不能控制眼压、可考虑手术治疗、应先用低浓度的药液、后用高浓度的药液滴眼、并根据不同药物的有效降压作用时间、决定每天点药的次数、最重要的是要保证在24小时内能维持有效药量、睡前可用眼膏涂眼
前列腺增生有，夜尿频多、尿频、排尿无为、尿线变细和尿滴沥，多发于中老年；。,前列腺增生有，夜尿频多、尿频、排尿无力、尿线变细和尿滴沥，多发于中老年；。
您好，根据您的描述来看病人现在考虑是淋巴瘤，恶性淋巴瘤是血液系统的恶性的肿瘤，对健康的微害是很大的，具体的治疗需根据具体的情况的建议你还是及时的就诊，如果是琳巴瘤的话一般不建议手术的，对化疗敏感的然后配合中医中药进行治疗，饮食上不宜吃辛辣的东西。,您好，根据您的描述来看病人现在考虑是淋巴瘤，恶性淋巴瘤是血液系统的恶性的肿瘤，对健康的危害是很大的，具体的治疗需根据具体的情况的建议你还是及时的就诊，如果是淋巴瘤的话一般不建议手术的，对化疗敏感的然后配合中医中药进行治疗，饮食上不宜吃辛辣的东西。
一般来说，饼干是不能单独存在的，会和乙肝一起存在的。,一般来说，丙肝是不能单独存在的，会和乙肝一起存在的。
你好，考虑跟不良的饮食习贯和生活习惯、感染有关的，要及时去医完看看，及时处理比较好。,你好，考虑跟不良的饮食习惯和生活习惯、感染有关的，要及时去医院看看，及时处理比较好。
乙肝主要是因为你体内有乙肝病都，你可以通过药物和饮食进行治疗，一般只要不出现严重性是不需要去医院复查的，但是刚治疗还是需要在一个约后进行复查。,乙肝主要是因为你体内有乙肝病毒，你可以通过药物和饮食进行治疗，一般只要不出现严重性是不需要去医院复查的，但是刚治疗还是需要在一个月后进行复查。
健康指导：你好，根据你的情况分析，你爷爷得的是，小细胞柿癌。,健康指导：你好，根据你的情况分析，你爷爷得的是，小细胞肺癌。
尖锐湿疣的这种情况是直菌感染发生瘙痒。,尖锐湿疣的这种情况是真菌感染发生瘙痒。
现在冰人的状况如何，有没有检查的报告单和CT／磁共振的片子，最好能把这些资料提供一下，以便于对治疗进行调整以及病情预后的评估。,现在病人的状况如何，有没有检查的报告单和CT／磁共振的片子，最好能把这些资料提供一下，以便于对治疗进行调整以及病情预后的评估。
宫颈炎摘除手术是个很小的操作，不心害怕，取出的宫颈炎送去做病理检查。,宫颈炎摘除手术是个很小的操作，不必害怕，取出的宫颈炎送去做病理检查。
宫颈松弛是女性的一种宫颈发育不全的现象，宫颈宋驰的治疗主要为手术矫治，使宫颈内口的形态和功能得以恢复。,宫颈松弛是女性的一种宫颈发育不全的现象，宫颈松弛的治疗主要为手术矫治，使宫颈内口的形态和功能得以恢复。
"第二,在夏季牛皮线减轻的季节怀孕,如果两者都具被的话,那是最好的了。","第二,在夏季牛皮癣减轻的季节怀孕,如果两者都具备的话,那是最好的了。"
你好根据你的你描述可能是因为检查有支气管笑喘引起的上述不适症状建议注意注意休息，可以吸入你的药物治疗，请你无需担心的，祝您早日康复身体健康！,你好根据你的你描述可能是因为检查有支气管哮喘引起的上述不适症状建议注意注意休息，可以吸入你的药物治疗，请你无需担心的，祝您早日康复身体健康！
你好，一般精神障碍的出现是异传与环境多种因素共同作用的结果，可以进行心理疗法盒药物疗法相结合进行调理，可以遵医嘱使用冰戊酸钠缓释片进行治理，平时需要调整好自己的状态，需要放松自己，建立积极乐观的心态,你好，一般精神障碍的出现是遗传与环境多种因素共同作用的结果，可以进行心理疗法和药物疗法相结合进行调理，可以遵医嘱使用丙戊酸钠缓释片进行治理，平时需要调整好自己的状态，需要放松自己，建立积极乐观的心态
适量的休息和按模可以缓解大腿酸痛，也可以选用适当的药膏涂末肌肉痛部位，但不建议吃止痛药。,适量的休息和按摩可以缓解大腿酸痛，也可以选用适当的药膏涂抹肌肉痛部位，但不建议吃止痛药。
期间避免吃生冷辛辣刺激容易上火的食物，必要的时候到医浣就诊治疗。,期间避免吃生冷辛辣刺激容易上火的食物，必要的时候到医院就诊治疗。
1、HPV的转阴时间一般在8月以上；2、大多数人为一过性感染，自身棉衣力可以将其清除；3、如果已使用保妇康栓3个疗程，仍为阳性，下一步处理：观察，定期复查；4、可以试孕。,1、HPV的转阴时间一般在8月以上；2、大多数人为一过性感染，自身免疫力可以将其清除；3、如果已使用保妇康栓3个疗程，仍为阳性，下一步处理：观察，定期复查；4、可以试孕。
自然卷，这个是没办法改变的，只能通过汤发，但是烫发不要经常烫发，建议可以买个电的夹头发的夹子，用这个就可以的，也不需要用药水，但是这个是需要每次洗头后夹才行的。,自然卷，这个是没办法改变的，只能通过烫发，但是烫发不要经常烫发，建议可以买个电的夹头发的夹子，用这个就可以的，也不需要用药水，但是这个是需要每次洗头后夹才行的。
建议您增加保健，如果有阴道异常分泌物的需要到正规医院妇科就医，根据医生的嘱咐，选用合适的药物调理，多喝红糖水具有保暖的功效，注意清洁的工生，饮食要清淡。,建议您增加保健，如果有阴道异常分泌物的需要到正规医院妇科就医，根据医生的嘱咐，选用合适的药物调理，多喝红糖水具有保暖的功效，注意清洁的卫生，饮食要清淡。
苹果熬水喝，可以将其中的维生素，矿物质有效十方出来，一般在饭后饮用一些，可以起到促进消化的作用。,苹果熬水喝，可以将其中的维生素，矿物质有效释放出来，一般在饭后饮用一些，可以起到促进消化的作用。
治t4型家亢需要1千-3千元。,治t4型甲亢需要1千-3千元。
您好，根据您的描述，您的情况脑水中到流管堵可能是血液凝块，也可能大量蛋白质分泌，您的情况需要到医院诊疗，明确诊断，针对性治疗，如果您对我的回复感到满意，请您在回复后面做出免费评价，谢谢！,您好，根据您的描述，您的情况脑水肿到流管堵可能是血液凝块，也可能大量蛋白质分泌，您的情况需要到医院诊疗，明确诊断，针对性治疗，如果您对我的回复感到满意，请您在回复后面做出免费评价，谢谢！
勃起不坚与阴茎动脉工血不足有关，可适当服用选择性阴茎动脉扩张药，如他达拉非、万艾可等。,勃起不坚与阴茎动脉供血不足有关，可适当服用选择性阴茎动脉扩张药，如他达拉非、万艾可等。
你好，这个主要是看赶工能情况，如果肝功正常是不用药物治疗的,你好，这个主要是看肝功能情况，如果肝功正常是不用药物治疗的
与代谢和内分泌有关，中医认为与肺胃热及脾虚始祖有关系。,与代谢和内分泌有关，中医认为与肺胃热及脾虚湿阻有关系。
癫痫是一种慢性疾病，需要长时间进行治疗，沿疗时间不同费用也不相同。,癫痫是一种慢性疾病，需要长时间进行治疗，治疗时间不同费用也不相同。
"建议您去正规医院进行治疗.治疗原则为发现湿疣存在应立即祛除.方法有纪光，液氮,微波,外用药物涂抹等.然后在行全身治疗，如输抗秉毒药物,赠强抵抗力药物等.","建议您去正规医院进行治疗.治疗原则为发现湿疣存在应立即祛除.方法有激光，液氮,微波,外用药物涂抹等.然后在行全身治疗，如输抗病毒药物,增强抵抗力药物等."
你好，如果确定是湿针，尽量寻找发病原婴，注意调正饮食，注意忌食辛辣刺激，避免进食易致敏的物品，如海鲜贝类食物应禁用、以清淡饮食为好。,你好，如果确定是湿疹，尽量寻找发病原因，注意调整饮食，注意忌食辛辣刺激，避免进食易致敏的物品，如海鲜贝类食物应禁用、以清淡饮食为好。
片仔内部结构看不清楚，黑乎乎的，脊柱侧弯明显。,片子内部结构看不清楚，黑乎乎的，脊柱侧弯明显。
人参高血压可能与免疫的机理、胎盘浅着床、遗传因素、营养缺乏等有关系，还有由于胎儿增大，子宫张力增高，年轻初产妇腹壁较紧，子宫的血液相应供应不足。,妊娠高血压可能与免疫的机理、胎盘浅着床、遗传因素、营养缺乏等有关系，还有由于胎儿增大，子宫张力增高，年轻初产妇腹壁较紧，子宫的血液相应供应不足。
你好，对于痔疮现在主要是轻者可以要务治疗配合注意饮食的对于较重的患者主要是手术治疗。,你好，对于痔疮现在主要是轻者可以药物治疗配合注意饮食的对于较重的患者主要是手术治疗。
再严重只能配助听器或手术了左耳是混合性的恐怕不能解除噪音了噪音对你的耳朵影响很大，继续下去听力会越来越差。,再严重只能配助听器或手术了左耳是混合性的恐怕不能接触噪音了噪音对你的耳朵影响很大，继续下去听力会越来越差。
荷叶茶具有咸肥瘦身、保护心血管、降血脂、清执解毒、镇静安神、利尿通便和滋阴止血等功效。,荷叶茶具有减肥瘦身、保护心血管、降血脂、清热解毒、镇静安神、利尿通便和滋阴止血等功效。
痤疮是与内分泌紊乱有关的毛囊炎，经抗感染治疗可以有效控制症状，但易因熬夜，饮酒，辛辣食物，便秘等因素诱发或加重，可以外用夫西地酸软膏，并口服克拉霉素与单身酮治疗，如配合红蓝光照射，效果更佳。,痤疮是与内分泌紊乱有关的毛囊炎，经抗感染治疗可以有效控制症状，但易因熬夜，饮酒，辛辣食物，便秘等因素诱发或加重，可以外用夫西地酸软膏，并口服克拉霉素与丹参酮治疗，如配合红蓝光照射，效果更佳。
你好，根据您的描述女性子宫内膜薄，多是雌极速水平过低引起的，可以考虑吃补佳乐来调理,你好，根据您的描述女性子宫内膜薄，多是雌激素水平过低引起的，可以考虑吃补佳乐来调理
你好，根据你说的情况是须要你给予抗惊厥对症治疗的，同时需要你定期到医院给予复察治疗的,你好，根据你说的情况是需要你给予抗惊厥对症治疗的，同时需要你定期到医院给予复查治疗的
发烧一般是上护膝道感染引起的最常见的是病毒感染病毒是有神经毒性的影响到脑部就引起了头晕、消化不良恶心那就应当吃点抗病毒的、助消化的、促进胃排空的以及增强机体抵抗力的,发烧一般是上呼吸道感染引起的最常见的是病毒感染病毒是有神经毒性的影响到脑部就引起了头晕、消化不良恶心那就应当吃点抗病毒的、助消化的、促进胃排空的以及增强机体抵抗力的
就是本外受精技术，这个是目前最广为采用的生殖辅助技术，正常的受孕需要精子和卵子在输卵管相遇，二者结合，形成受精卵，然后受精卵再回到子宫腔，继续妊娠。,就是体外受精技术，这个是目前最广为采用的生殖辅助技术，正常的受孕需要精子和卵子在输卵管相遇，二者结合，形成受精卵，然后受精卵再回到子宫腔，继续妊娠。
建议尽早去医院就诊一下消化内壳，具体检查确诊一下什么情况，好尽早对症治疗。,建议尽早去医院就诊一下消化内科，具体检查确诊一下什么情况，好尽早对症治疗。
建议还是急极彩操检查看看。,建议还是积极彩超检查看看。
平时注意用温开水清洗外阴保持局部清洁，禁食辛辣刺激性的十物,平时注意用温开水清洗外阴保持局部清洁，禁食辛辣刺激性的食物
挂线术治疗：在浓肿切开引流时，若发现明确的内口，可行挂线术进行治疗。,挂线术治疗：在脓肿切开引流时，若发现明确的内口，可行挂线术进行治疗。
饮食清淡为宜，勿食辛热煎炒的食物，室内常通风，注意家居卫生，避免过敏源，如慢充、花粉等。,饮食清淡为宜，勿食辛热煎炒的食物，室内常通风，注意家居卫生，避免过敏源，如螨虫、花粉等。
咳嗽吃药治疗没这么快好，一般吃2一3天观察疗效如无好转需去医院进一步检查大便干结请多喂水喝点菜汤果汁如果加重了需要到医院停诊肺部，听下医生的建议,咳嗽吃药治疗没这么快好，一般吃2一3天观察疗效如无好转需去医院进一步检查大便干结请多喂水喝点菜汤果汁如果加重了需要到医院听诊肺部，听下医生的建议
不会的，建议积极的在医生当面指导下口服氟派酸.环丙沙星.三金片.蒲地蓝消炎片等药物一块治疗，同时注意多补充水分帮助细菌从尿路排除。,不会的，建议积极的在医生当面指导下口服氟哌酸.环丙沙星.三金片.蒲地蓝消炎片等药物一块治疗，同时注意多补充水分帮助细菌从尿路排除。
治疗尖锐湿疣，建义你详细了解，分辨优劣，尽快治疗。,治疗尖锐湿疣，建议你详细了解，分辨优劣，尽快治疗。
"尖锐湿疣的治疗关键是枝疗方法一定要正确.不要喝纠,牛,羊,狗肉,辛辣刺激性食物也暂时不要吃,以免加重病晴及影响疗效,激光,冷冻,手术,外用药,打干扰素,白介素,转移因子,胸腺肽,甘露聚糖肽等抗病毒药物都有效果,但是可能复发.","尖锐湿疣的治疗关键是治疗方法一定要正确.不要喝酒,牛,羊,狗肉,辛辣刺激性食物也暂时不要吃,以免加重病情及影响疗效,激光,冷冻,手术,外用药,打干扰素,白介素,转移因子,胸腺肽,甘露聚糖肽等抗病毒药物都有效果,但是可能复发."
现在用了哪些药物？没有用过耀武治疗？那你现在反复长痘痘的地方，可以外涂阿达帕林，每晚一次，局部做好保湿，痘印要明显效果，可以选择光子嫩肤,现在用了哪些药物？没有用过药物治疗？那你现在反复长痘痘的地方，可以外涂阿达帕林，每晚一次，局部做好保湿，痘印要明显效果，可以选择光子嫩肤
